,file_name,chr_name,start_pos,end_pos,logr
0,/data/home/std_13/000_pgcnv/data/3x/bam/s_100.bam,chr1,4889774,5044011,0.4
1,/data/home/std_13/000_pgcnv/data/3x/bam/s_101.bam,chr1,5729007,6094707,0.3
2,/data/home/std_13/000_pgcnv/data/3x/bam/s_102.bam,chr1,5815235,6035499,0.4
3,/data/home/std_13/000_pgcnv/data/3x/bam/s_103.bam,chr1,5381801,5830218,0.3
4,/data/home/std_13/000_pgcnv/data/3x/bam/s_104.bam,chr1,5001145,5195707,0.2
5,/data/home/std_13/000_pgcnv/data/3x/bam/s_105.bam,chr1,7626867,7981367,5.9
6,/data/home/std_13/000_pgcnv/data/3x/bam/s_106.bam,chr1,8976922,9243981,0.4
7,/data/home/std_13/000_pgcnv/data/3x/bam/s_107.bam,chr1,5447914,5908726,0.3
8,/data/home/std_13/000_pgcnv/data/3x/bam/s_108.bam,chr1,1497354,1804468,0.2
9,/data/home/std_13/000_pgcnv/data/3x/bam/s_109.bam,chr1,9070556,9563443,5.5
10,/data/home/std_13/000_pgcnv/data/3x/bam/s_110.bam,chr1,5552360,5816006,3.3
11,/data/home/std_13/000_pgcnv/data/3x/bam/s_111.bam,chr1,139580,569985,5.4
12,/data/home/std_13/000_pgcnv/data/3x/bam/s_112.bam,chr1,8648665,9049479,4.8
13,/data/home/std_13/000_pgcnv/data/3x/bam/s_113.bam,chr1,1809769,2267051,3.8
14,/data/home/std_13/000_pgcnv/data/3x/bam/s_114.bam,chr1,3199897,3385595,0.4
15,/data/home/std_13/000_pgcnv/data/3x/bam/s_115.bam,chr1,6335111,6446283,0.1
16,/data/home/std_13/000_pgcnv/data/3x/bam/s_116.bam,chr1,5904144,6035603,5.2
17,/data/home/std_13/000_pgcnv/data/3x/bam/s_117.bam,chr1,9580740,9894542,0.3
18,/data/home/std_13/000_pgcnv/data/3x/bam/s_118.bam,chr1,5805199,6087298,5.3
19,/data/home/std_13/000_pgcnv/data/3x/bam/s_119.bam,chr1,8577822,9033994,0.4
20,/data/home/std_13/000_pgcnv/data/3x/bam/s_120.bam,chr1,2285481,2390419,0.1
21,/data/home/std_13/000_pgcnv/data/3x/bam/s_121.bam,chr1,4819754,5068129,3.3
22,/data/home/std_13/000_pgcnv/data/3x/bam/s_122.bam,chr1,3138413,3611896,0.2
23,/data/home/std_13/000_pgcnv/data/3x/bam/s_123.bam,chr1,9726914,10115285,3.8
24,/data/home/std_13/000_pgcnv/data/3x/bam/s_124.bam,chr1,456805,837555,0.2
25,/data/home/std_13/000_pgcnv/data/3x/bam/s_125.bam,chr1,5277832,5766846,5
26,/data/home/std_13/000_pgcnv/data/3x/bam/s_126.bam,chr1,2990923,3097627,5.5
27,/data/home/std_13/000_pgcnv/data/3x/bam/s_127.bam,chr1,7905963,8028519,4.3
28,/data/home/std_13/000_pgcnv/data/3x/bam/s_128.bam,chr1,1954061,2220340,0.1
29,/data/home/std_13/000_pgcnv/data/3x/bam/s_129.bam,chr1,1252003,1731833,5.8
30,/data/home/std_13/000_pgcnv/data/3x/bam/s_130.bam,chr1,1076091,1463904,4.8
31,/data/home/std_13/000_pgcnv/data/3x/bam/s_131.bam,chr1,2536220,2807934,0.4
32,/data/home/std_13/000_pgcnv/data/3x/bam/s_132.bam,chr1,6053954,6398175,0.1
33,/data/home/std_13/000_pgcnv/data/3x/bam/s_133.bam,chr1,8883420,9204091,3.6
34,/data/home/std_13/000_pgcnv/data/3x/bam/s_134.bam,chr1,2852846,3262240,0.2
35,/data/home/std_13/000_pgcnv/data/3x/bam/s_135.bam,chr1,4851291,5227206,0.4
36,/data/home/std_13/000_pgcnv/data/3x/bam/s_136.bam,chr1,4382016,4577886,0.1
37,/data/home/std_13/000_pgcnv/data/3x/bam/s_137.bam,chr1,7806957,7932708,3.6
38,/data/home/std_13/000_pgcnv/data/3x/bam/s_138.bam,chr1,9087109,9216468,0.2
39,/data/home/std_13/000_pgcnv/data/3x/bam/s_139.bam,chr1,6695269,7018786,4.7
40,/data/home/std_13/000_pgcnv/data/3x/bam/s_140.bam,chr1,7490721,7726149,3.9
41,/data/home/std_13/000_pgcnv/data/3x/bam/s_141.bam,chr1,5646690,6129850,0.2
42,/data/home/std_13/000_pgcnv/data/3x/bam/s_142.bam,chr1,36192,367878,0.3
43,/data/home/std_13/000_pgcnv/data/3x/bam/s_143.bam,chr1,1380537,1535555,3.3
44,/data/home/std_13/000_pgcnv/data/3x/bam/s_144.bam,chr1,4846498,5281997,4.6
45,/data/home/std_13/000_pgcnv/data/3x/bam/s_145.bam,chr1,3927791,4147342,0.4
46,/data/home/std_13/000_pgcnv/data/3x/bam/s_146.bam,chr1,2122410,2407133,0.3
47,/data/home/std_13/000_pgcnv/data/3x/bam/s_147.bam,chr1,4006046,4259693,3.5
48,/data/home/std_13/000_pgcnv/data/3x/bam/s_148.bam,chr1,5118030,5225565,3.9
49,/data/home/std_13/000_pgcnv/data/3x/bam/s_149.bam,chr1,7677051,7814143,3.6
